code,name,description
1类,活动物；动物产品,"一、本类所称的各属种动物，除条文另有规定的以外，均包括其幼仔在内。  
二、除条文另有规定的以外，本目录所称干的产品，均包括经脱水、蒸发或冷冻干燥的产品。"
2类,植物产品,
3类,动、植物或微生物油、脂及其分解产品；精制的食用油脂；动、植物蜡,
4类,食品；饮料、酒及醋；烟草、烟草及烟草代用品的制品；非经燃烧吸用的产品，不论是否含有尼古丁；其他供人体摄入尼古丁的含尼古丁的产品,
5类,矿产品,
6类,化学工业及其相关工业的产品,"一、 
（一）凡符合税目 28.44或28.45规定的货品（放射性矿砂除外），应分别归入以上税目而不归入本目录的其他税
目； 
（二）除上述（一）款另有规定的以外，凡符合税目 28.43、28.46或28.52规定的货品，应分别归入这三个税目
而不归入本类的其他税目。  
二、除上述注释一另有规定的以外，凡由于按一定剂量或作为零售包装而可归入税目 30.04、30.05、30.06、32.12、
33.03、33.04、33.05、33.06、33.07、35.06、37.07或38.08的货品，应分别归入以上税目，而不归入本目录的
其他税目。  
三、由两种或两种以上单独成分配套的货品，其部分或全部成分属于本类范围以内，混合后则构成第六类或第七类的货
品，应按混合后产品归入相应的税目，但其组成成分必须同时符合下列条件：  
（一）其包装形式足以表明这些成分不需经过改装就 可一起使用的；  
（二）一起进口或出口的；  
（三）这些成分的属性及相互比例足以表明是相互配用的。  
四、其列名或功能既符合第六类中一个或多个税目的规定，又符合税目 38.27的规定的产品，应按列名或功能归入相应
税目，而不归入税目 38.27。"
7类,塑料及其制品；橡胶及其制品,"一、由两种或两种以上单独成分配套的货品，其部分或全部成分属于本类范围以内，混合后则构成第六类或第七类的货
品，应按混合后产品归入相应的税目，但其组成成分必须同时符合下列条件：  
（一）其包装形式足以表明这些成分不需经过改装就可以一起使用的；  
（二）一起进口或出口的；  
（三）这些成分的属性及相互比例足以表明是相互配用的。  
二、除税目 39.18或39.19的货品外，印有花纹、文字、图画的塑料、橡胶及其制品，如果所印花纹、字画作为其主要用
途，应归入第四十九章。"
8类,生皮、皮革、毛皮及其制品；鞍具及挽具；旅行用品、手提包及类似容器；动物肠线（蚕胶丝除外）制品,
9类,木及木制品；木炭；软木及软木制品；稻草、秸秆、针茅或其他编结材料制品；篮筐及柳条编结品,
10类,木浆及其他纤维状纤维素浆；回收（废碎）纸或纸板；纸、纸板及其制品,"税目47.02所称“化学木浆，溶解级”，是指温度在 20摄氏度时浸入含 18%氢氧化钠的苛性碱溶液内，一小时后，按重量计
含有92%及以上的不溶级分的碱木浆或硫酸盐木浆， 或者含有 88%及以上的不溶级分的亚硫酸盐木浆。 对于亚硫酸盐木浆，
按重量计灰分含量不得超过 0.15%。"
11类,纺织原料及纺织制品,"一、本类不包括：  
（一）制刷用的动物鬃、毛（税目 05.02） ；马毛及废马毛（税目 05.11）； 
（二）人发及人发制品（税目 05.01、67.03或67.04），但通常用于榨油机或类似机器的滤布除外（税目 59.11）； 
（三）第十四章的棉短绒或其他植物材料；  
（四）税目 25.24的石棉、税目 68.12或68.13的石棉制品或其他产品；  
（五）税目 30.05或30.06的物品；税目 33.06的用于清洁牙缝的纱线（牙线） ，单独零售包装的；  
（六）税目 37.01至37.04的感光布；  
（七）截面尺寸超过 1毫米的塑料单丝和表面宽度超过 5毫米的塑料扁条及类似品（例如人造草） （第三十九章） ，以
及上述单丝或扁条的缏条、织物、篮筐或柳条编结品（第四十六章） ；  
（八）第三十九章的用塑料浸渍、涂布、包覆或层压的机织物、针织物或钩编织物、毡呢或无纺织物及其制品；  
（九）第四 十章的用橡胶浸渍、涂布、包覆或层压的机织物、针织物或钩编织物、毡呢或无纺织物及其制品；  
（十）带毛皮张（第四十一章或第四十三章） 、税目 43.03或43.04的毛皮制品、人造毛皮及其制品；  
（十一）税目 42.01或42.02的用纺织材料制成的物品；  
（十二）第四十八章的产品或物品（例如纤维素絮纸） ；  
（十三）第六十四章的鞋靴及其零件、护腿、裹腿及类似品；  
（十四）第六十五章的发网、其他帽类及其零件；  
（十五）第六十七章的货品；  
（十六）涂有研磨料的纺织材料（税目 68.05）以及税目 68.15的碳纤维及其制品；  
（十七）玻璃纤维及其制品，但可见底布的玻璃线刺绣品除外（第七十章） ；  
（十八）第九十四章的物品（例如，家具、寝具、灯具及照明装置） ；  
（十九）第九十五章的物品（例如，玩具、游戏品、运动用品及网具） ；  
（二十）第九十六章的物品 [例如：刷子、旅行用成套缝纫用具、拉链、打字机色带、卫生巾（护垫）及卫生棉条、
尿布及尿布衬里 ]；或 
（二十一）第九十七章的物品。  
二、 
（一）可归入第五十章至第五十五章及税目 58.09或59.02的由两种或两种以上纺织材料混合制成的货品，应按其中
重量最大的那种纺织材料归类。  
当没有一种纺织材料重量较大时，应按可归入的有关税目中最后一个税目所列的纺织材料归类。  
（二）应用上述规定时：  
1.马毛粗松螺旋花线（税目 51.10）和含金属纱线（税目 56.05）均应作为一种单一的纺织材料，其重量应为
它们在纱线中的合计重量；在机织物的归类中，金属线应作为一种纺织材料；  
2.在选择合适的税目时，应首先确定章，然后再确定该章的有关税目，至于不归入该章的其他材料可不予考
虑； 
3.当归入第五十四章及第五十五章的货品与其他章的货品进行比较时，应将这两章作为一个单一的章对待；  
4.同一章或同一税目所列各种不同的纺织材料应作为单一的纺织材料对待。  
（三）上述（一） 、 （二）两款规定亦适用于以下注释三、四、五或六所述纱线。  
三、 
（一）本类的纱线（单纱、多股纱线或缆线）除下列（二）  款另有规定的以外，凡符合以下规格的应作为“线、绳、
索、缆” ：  
1.丝或绢丝纱线，细度在 20000分特以上；  
2.化学纤维纱线（包括第五十四章的用两根及以上单丝纺成的纱线） ，细度在 10000分特以上；  
3.大麻或亚麻纱线：  
（1）加光或上光的，细度在 1429分特及以上；  
（2）未加光或上光的，细度在 20000分特以上；  
4.三股或三股以上的椰壳纤维纱线；  
5.其他植物纤维纱线，细度在 20000分特以上；  
6.用金属线加强的纱线。  
（二）下列各项不按上述（一）款规定办理：  
 649 1.羊毛或其他动物毛纱线及纸纱线，但用金属线加强的纱线除外；  
2.第五十五章的化学纤维长丝丝束以及第五十四章的未加捻或捻度每米少于 5转的复丝纱线；  
3.税目50.06的蚕胶丝及第五十四章的单丝；  
4.税目56.05的含金属纱线；但用金属线加强的纱线按上述（一）款 6项规定办理；  
5.税目56.06的绳绒线、粗松螺旋花线及纵行起圈纱线。  
四、 
（一）除下列（二）款另有规定的以外，第五十章、第五十一章、第五十二章、第五十四章和第五十五章所称“供
零售用”纱线，是指以下列方式包装的纱线（单纱、股纱线或揽线） ：  
1.绕于纸板、线轴、纱管或类似芯子上，其重量（含线芯）符合下列规定：  
（1）丝、绢丝或化学纤维长丝纱线，不超过 85克；或 
（2）其他纱线，不超过 125克。 
2.绕成团、绞或束，其重量符合下列规定：  
（1）细度在 3000分特以下的化学纤维长丝纱线，丝或绢丝纱线，不超过 85克； 
（2）细度在 2000分特以下的任何其他纱线，不超过 125克； 或 
（3）其他纱线，不超过 500克。 
3.绕成绞或束， 每绞或每束中有若干用线分开的小绞或小束， 每小绞或小束的重量相等， 并且符合下列规定：  
（1）丝、绢丝或化学纤维长丝纱线，不超过 85克； 或 
（2）其他纱线，不超过 125克。 
（二）下列各项不按上述（一）款规定办理：  
1.各种纺织材料制的单纱，但下列两种除外：  
（1）未漂白的羊毛或动物细毛单纱；  
（2）漂白、染色或印色的羊毛或动物细毛单纱，细度在 5000分特以上。  
2.未漂白的多股纱线或缆线：  
（1）丝或绢丝制的，不论何种包装；  或 
（2）除羊毛或动物细毛外其他纺织材料制，成绞或成束的。  
3.漂白、染色或印色丝或绢丝制的多股纱线或缆线，细度在 133分特及以下；  
4.任何纺织材料制的单纱、多股纱线或缆线：  
（1）交叉绕成绞或束的；  或 
（2）绕于纱芯上或以其他方式卷绕，明显用于纺织工业的（例如，绕于纱管、加捻管、纬纱管、锥形筒
管或锭子上的或者绕成蚕茧状以供绣花机使用的纱线） 。  
五、税目 52.04、54.01及55.08所称“缝纫线” ，是指下列多股纱线或缆线：  
（一）绕于芯子（例如，线轴、纱管）上，重量（包括纱芯）不超过 1000克； 
（二）作为缝纫线上过浆的；  
（三）终捻为反手（ Z）捻的。  
六、本类所称“高强力纱” ，是指断裂强度大于下列标准的纱线：  
尼龙、其他聚酰胺或聚酯制的单纱 ——60厘牛顿/特克斯；  
尼龙、其他聚酰胺或聚酯制的多股纱线或缆线 ——53厘牛顿/特克斯；  
粘胶纤维制的单纱、多股纱线或缆线 ——27厘牛顿/特克斯。  
七、本类所称“制成的” ，是指：  
（一）裁剪成除正方形或长方形以外的其他形状的；  
（二）呈制成状态，无需缝纫或其他进一步加工（或仅需剪断分隔联线）即可使用的（例如，某些抹布、毛巾、台
布、方披巾、毯子） ；  
（三）裁剪成一定尺寸，至少有一边为带有可见的锥形或压平形的热封边，其余各边经本注释其他各项所述加工，
但不包括为防止剪边脱纱而用热切法或其他简单方法处理的织物；  
（四）已缝边或滚边，或者在任一边带有结制的流苏，但不包括为防止剪边脱纱而锁边或用其他简单方法处理的织
物； 
（五）裁剪成一定尺寸并经抽纱加工的；  
（六）缝合、胶合或用其他方法拼合而成的（将两段或两段以上相同料子的织物首尾连接而成的匹头，以及由两层
或两层以上的织物，不论中间有无胎料，层叠而成的匹头除外） ；  
（七）针织或钩编成一定形状，不论进口或出 口时是单件还是以若干件相连成幅的。  
八、对于第五十章至第六十章：  
（一）第五十章至第五十五章和第六十章，以及除条文另有规定以外的第五十六章至第五十九章，不适用于上述注
 650 释七所规定的制成货品；  
（二）第五十章至第五十五章及第六十章不包括第五十六章至第五十九章的货品。  
九、第五十章至第五十五章的机织物包括由若干层平行纱线以锐角或直角相互层叠，在纱线交叉点用粘合剂或以热粘合
法粘合而成的织物。  
十、用纺织材料和橡胶线制成的弹性产品归入本类。  
十一、本类所称“浸渍” ，包括“浸泡” 。  
十二、本类所称“聚酰胺” ，包括“芳族聚酰胺” 。  
十三、本类及本目录所称“弹性纱线”是指合成纤维纺织材料制成的长丝纱线（包括单丝，变形纱线除外） 。这些纱线
可拉伸至原长的三倍而不断裂，并可在拉伸至原长两倍后五分钟内回复到不超过原长度的一倍半。  
十四、除条文另有规定的以外，各种服装即使成套包装供零售用，也应按各自税目分别归类。本注释所称“纺织服装” ，
是指税目 61.01至61.14及税目62.01至62.11所列的各种服装。  
十五、除本类注释一另有规定的以外，装有用作附加功能的化学、机械或电子组件（无论是作为内置组件还是组合在纤
维或织物内）的纺织品、服装和其他纺织物，如果其具有本类货品的基本特征，应归入本类相应税目中。  
 
子目注释：  
一、本类及本目录所用有关名词解释如下：  
（一）未漂白纱线：  
1.带有纤维自然色泽并且未经漂染（不论是否整体染色）或印色的纱线；  
2.从回收纤维制得，色泽未定的纱线（本色纱） 。  
这种纱线可用无色浆料或易褪色染料（可轻易地用肥皂洗去）处理，如果是化学纤维纱线，则整体用消光剂
（例如二氧化钛）进行处理。  
（二）漂白纱线：  
1.经漂白加工、用漂白纤维制得或经染白（除条文另有规定的以外） （不论是否整体染色）及用白浆料处理
的纱线；  
2.用未漂白纤维和漂白纤维混纺制得的纱线；  
3.用未漂白纱和漂白纱纺成多股纱线或缆线。  
（三）着色（染色或印色）纱线：  
1.染成彩色（不论是否整体染色，但白色或易褪色除外）或印色的纱线，以及用染色或印色纤维纺制的纱线；  
2.用各色染色纤维混合纺制或用未漂白或漂白纤维与着色纤维混合制得的纱线（夹色纱或混色纱） ，以及用
一种或几种颜色间隔印色而获得点纹印迹的纱线；  
3.用已经印色的纱条或粗纱纺制的纱线；  
4.用未漂白纱和漂白纱与着色纱纺成的多股纱线或缆线。  
上述定义作相应调整后适用于第五十四章的单丝、扁条或类似产品。  
（四）未漂白机织物：  
    用未漂白纱线织成后未经漂白、染色或印花的机织物。这类织物可用无色浆料或易褪色染料处理。    
（五）漂白机织物：  
1.经漂白、染白或用白浆料处理（除条文另有规定的以外）的成匹机织物；  
2.用漂白纱线织成的机织物；  
3.用未漂白纱线和漂白纱线织成的机织物；    
（六）染色机织物：  
1.除条文另有规定的以外，染成白色以外的其他单一颜色或用白色以外的其他有色整理剂处理的成匹机织
物； 
2.用单一颜色的着色纱线织成的机织物。    
（七）色织机织物：  
除印花机织物以外的下列机织物：  
1.用各种不同颜色纱线或同一颜色不同深浅（纤维的自然色彩除外）纱线织成的机织物；  
2.用未漂白或漂白与着色纱线织成的机织物；  
3.用夹色纱线或混色纱线织成的机织物。  
不论何种情况，布边或布头的纱线均可忽略不计。  
（八）印花机织物：  
成匹印花的机织物，不论是否用各色纱线织成。  
用刷子或喷枪，经转印纸转印、植绒或蜡防印花等方法印成花纹图案的机织物亦可视为印花机织物。  
上述各类纱线或织物如经丝光工艺处理并不影响其归类。上述（四）至（八）的定义在作必要修改后适用于
 651 针织或钩编织物。  
（九）平纹组织：  
每根纬纱在并排的经纱间上下交错而过，而每根经纱也在并排的纬纱间上下交错而过的织物组织。  
 二、 
（一）含有两种或两种以上纺织材料的第五十六章至第六十三章的产品，应根据本类注释二对第五十章至第五十五
章或税目 58.09的此类纺织材料产品归类的规定来确定归类。  
（二）运用本条规定时：  
1.应酌情考虑按归类总规则第三条来确定归类；  
2.对由底布和绒面或毛圈面构成的纺织品，在归类时可不考虑底布的属性；  
3.对税目58.10的刺绣品及其制品，归类时应只考虑底布的属性，但不见底布的刺绣品及其制品应根据绣线
的属性确定归类。"
12类,鞋、帽、伞、杖、鞭及其零件；已加工的羽毛及其制品；人造花；人发制品,
13类,石料、石膏、水泥、石棉、云母及类似材料的制品；陶瓷产品；玻璃及其制品,
14类,天然或养殖珍珠、宝石或半宝石、贵金属、包贵金属及其制品；仿首饰；硬币,
15类,贱金属及其制品,"一、本类不包括 ： 
（一）以金属粉末为基本成分的调制油漆、油墨或其 他产品（税目32.07至32.10、32.12、32.13或32.15）； 
（二）铈铁或其他引火合金（税目 36.06）； 
（三）税目 65.06或65.07的帽类及其零件；  
（四）税目 66.03的伞骨及其他物品；  
（五）第七十一章的货品（例如，贵金属合金、以贱金属为底的包贵金属、仿首饰 ）； 
（六）第十六类的物品（机器、机械器具及电气设备）；  
（七）已装配的铁路或电车轨道（税目 86.08）或第十七类的其他物品（车辆、船舶、航空器 ）； 
（八）第十八类的仪器及器具，包括钟表发条；  
（九）做弹药用的铅弹（税目 93.06）或第十九类的其他物品（武器、弹药 ）； 
（十）第九十四章的物品（例如，家具、弹簧床垫、灯具及照明装置、发光标志、活动房屋 ）； 
（十一）第九十五章的物品（例如，玩具、游戏品及运动用品 ）； 
（十二）手用筛子、钮扣、钢笔、铅笔套、钢笔尖、独脚架、双脚架、三脚架及类似品或第九十六章的其他物品（杂
项制品）；或  
（十三）第九十七章的物品（例如，艺术品 ）。 
二、本目录所称 “通用零件 ”，是指：  
（一）税目 73.07、73.12、73.15、73.17或73.18的物品及其他贱金属制的类似品，不包括专用于医疗、外科、
牙科或兽医的植入物（税目 90.21）； 
（二）贱金属制的弹簧及弹簧片，但钟表发条（税目 91.14）除外；  
（三）税目 83.01、83.02、83.08、83.10的物品及税目 83.06的贱金属制的框架及镜子。"
16类,机器、机械器具、电气设备及其零件； 录音机及放声机、电视图像、声音的录制和重放设备及其零件、附件,"一、本类不包括：  
（一）第三十九章的塑料或税目 40.10的硫化橡胶 制的传动带、输送带及其带料，除硬质橡胶以外的硫化橡胶制的机
器、机械器具、电气器具或其他专门技术用途的物品（税目 40.16）； 
（二）机器、机械器具或其他专门技术用途的皮革、再生皮革（税目 42.05）或毛皮（税目 43.03）的制品；  
（三）各种材料（例如，第三十九章、第四十章、第四十四章、第四十八章及第十五类的材料）制的筒管、卷轴、
纡子、锥形筒管、芯子、线轴或类似品；  
（四）提花机或类似机器用的穿孔卡片（例如，归入第三十九章、第四十八章或第十五类的） ；  
（五）纺织材料制的传动带、输送带或带料（税目 59.10）或专门技术用途的其他纺织材料制品（税目 59.11）； 
（六）税目 71.02至71.04的宝石或半宝石（天然、合成或再造 ）或税目 71.16的完全以宝石或半宝石制成的物品，
但已加工未装配的唱针用蓝宝石和钻石除外（税目 85.22）； 
（七）第十五类注释二所规定的贱金属制通用零件（第十五类）或塑料制的类似品（第三十九章） ；  
（八）钻管（税目 73.04）； 
（九）金属丝或带制的环形带（第十五类） ；  
（十）第八十二章或第八十三章的物品；  
（十一）第十七类的物品；  
（十二）第九十章的物品；  
（十三）第九十一章的钟、表或其他物品；  
（十四）税目 82.07的可互换工具及作为机器零件的刷子（税目 96.03） ；类似的可互换工具应按其构成工作部件的
材料归类 （例如， 归入第四十章、 第四十二章、 第四十三章、 第四十五章、 第五十九章或税目 68.04、69.09）； 
（十五）第九十五章的物品；  
（十六）打字机色带或类似色带，不论是否带轴或装盒（应按其材料属性归类；如已上油或经其他方法处理能着色
的，应归入税目 96.12） ，或税目 96.20的独脚架、双脚架、三脚架及类似品。  
二、 除本类注释一、 第八十四章注释一及第八十五章注释一另有规定的以外， 机器零件 （ 不属于税目 84.84、85.44、85.45、
85.46或85.47所列物品的零件）应按下列规定归类：  
（一）凡在第八十四章、第八十五章的税目（税目 84.09、84.31、84.48、84.66、84.73、84.87、85.03、85.22、
85.29、85.38及85.48除外）列名的货品，均应归入该两章的相应税目；  
（二）专用于或主要用于某一种机器或同一税目的多种机器（包括税目 84.79或85.43的机器）的其他零件，应与该
种机器一并归类，或酌情归入税目 84.09、84.31、84.48、84.66、84.73、85.03、85.22、85.29或85.38。
但能同时主要用于税目 85.17和85.25至85.28所列货品的零件应归入税目 85.17，专用于或主要用于税目
85.24所列货品的零件应归入税目 85.29； 
（三）所有其他零件应酌情归入税目 84.09、84.31、84.48、84.66、84.73、85.03、85.22、85.29或85.38，如不
能归入上述税目，则应归入税目 84.87或85.48。 
三、由两部及两部以上机器装配在一起形成的组合式 机器，或具有两种或两种以上互补或交替功能的机器，除条文另有
规定的以外，应按具有主要功能的机器归类。  
四、由不同独立部件（不论是否分开或由管道、传动装置、电缆或其他装置连接）组成的机器（包括机组） ，如果组合
后明显具有一种第八十四章或第八十五章某个税目所列功能，则全部机器应按其功能归入有关税目。  
五、上述各注释所称“机器” ，是指第八十四章或第八十五章各税目所列的各种机 器、设备、装置及器具。  
六、 
（一）本协调制度所称“电子电气废弃物及碎料” ，是指下列电气和电子组件、印刷电路板以及电气或电子产品：  
1.因破损、 拆解或其他处理而无法用于其原用途， 或通过维修、 翻新或修理以使其仍用作原用途是不经济的；
以及 
2.其包装或运输方式不是为了保护单件物品在运输、装卸过程中不受损坏的。  
（二） “电子电气废弃物及碎料”与其他废物、废料的混合物归入税目 85.49。 
（三）本类不包括第三十八章注释四所规定的城市垃圾。  
 
 1055  第八十四章  
核反应堆、锅炉、机器、机械器具及其零件  
 
注释： 
一、本章不包括：  
（一）第六十八章的石磨、石碾或其他物品；  
（二）陶瓷材料制的机器或器具（例如，泵）或供任何材料制的机器或器具用的陶瓷零件（第六十九章） ；  
（三）实验室用玻璃器（税目 70.17） ；玻璃制的机器、器具或其他专门技术用途的物品或其零件（税目 70.19或 
          70.20）； 
（四）税目 73.21或73.22的物品或其他贱金属制的类似物品（第七十四章至第七十六章或第七十八章至第八十一
章） ； 
（五）税目 85.08的真空吸尘器；  
（六）税目 85.09的家用电动器具；税目 85.25的数字照相机；或  
（七）第十七类物品用的散热器；或  
（八）非机动的手工操作地板清扫器（税目 96.03）。 
二、除第十六类注释三及本章注释十一另有规定以外， 如果某种机器或器具既符合税目 84.01至84.24中一个或几个税目  
    的规定，或符合税目 84.86的规定，又符合税目 84.25至84.80中一个或几个税目的规定，则应酌情归入税目 84.01
至84.24中的相应税目或税目 84.86，而不归入税目 84.25至84.80中的有关税目。  
（一）但税目 84.19不包括：  
1.催芽装置、孵卵器或育雏器（税目 84.36）； 
2.谷物调湿机（税目 84.37）； 
3.萃取糖汁的浸提装置（税目 84.38）； 
4.纱线、织物及纺织制品的热处理机器（税目 84.51） ；或 
5.温度变化（即使必不可少）仅作为辅助功能的机器、设备或实验室设备。  
（二）税目 84.22不包括：  
1.缝合袋子或类似品用的缝纫机（税目 84.52） ；或 
2.税目84.72的办公室用机器。  
（三）税目 84.24不包括：  
1.喷墨印刷（打印）机器（税目 84.43） ；或 
2.水射流切割机（税目 84.56）。 
三、如果用于加工各种材料的某种机床既符合税目 84.56的规定， 又符合税目 84.57、84.58、84.59、84.60、84.61、84.64 
    或84.65的规定，则应归入税目 84.56。 
四、税目 84.57仅适用于可以完成下列不同形式机械操作的金属加工机床，但车床（包括车削中心）除外：  
（一）按照机械加工程序从刀具库中自动更换刀具（加工中心） ；  
（二）同时或顺序地自动使用不同的动力头对固定不动的工件进行加工（单工位组合机床） ；  
（三）自动将工件送向不同的动力头（多工位组合机床） 。  
五、税目 84.62用于板材的“纵剪线”是由开卷机、矫平机、纵剪机和收卷机组成的生产线。用于板材的“定尺剪切线”
是由开卷机、矫平机和剪切机组成的生产线。  
六、 
（一）税目 84.71所称“自动数据处理设备” ，是指具有以下功能的机器：  
1.存储处理程序及执行程序直接需要的起码的数据；  
2.按照用户的要求随意编辑程序；  
3.按照用户指令进行算术计算；以及  
4.在运行过程中，可不需人为干预而通过逻辑判断，执行一个处理程序，这个处理程序可改变计算机指令的
执行。 
（二）自动数据处理设备可以是一套由若干单独部件所组成的系统。  
（三）除本条注释（四）及（五）另有规定的以外，一个部件如果符合下列所有规定，即可视为自动数据处理系统
的一部分：  
1.专用于或主要用于自动数据处理系统；  
 1056  2.可以直接或通过一个或几个其他部件同中央处理器相联接；  
3.能够以本系统所使用的方式（代码或信号）接收或传送数据。  
自动数据处理设备的部件如果单独报验，应归入税目 84.71。 
但是,键盘、X—Y坐标输入装置及盘（片）式存储部件，只要符合上述注释（三） 2、3所列的规定，应一律
作为税目 84.71的部件归类。  
（四）税目 84.71不包括单独报验的下述设备，即使它们符合上述注释六（三）的所有规定：  
1.打印机、复印机及传真机，不论是否组合在一起；  
2.发送或接收声音、图像或其他数据的设备，包括无线或有线网络的通信设备（如局域网或广播网） ；  
3.扬声器和传声器（麦克风） ；  
4.电视摄像机、数字照相机、视频摄录一体机；  
5.监视器和投影机，未装有电视接收装置。  
（五）装有自动数据处理装置或与自动数据处理设备连接使用，但却从事数据处理以外的某项专门功能的机器，应
按其功能归入相应的税目，对于无法按功能归类的，应归入未列名税目。  
七、税目 84.82还包括最大直径及最小直径与标称直径相差均不超过 1%或0.05毫米（以相差数值较小的为准）的抛光钢
珠，其他钢珠归入税目 73.26。 
八、具有一种以上用途的机器在归类时，其主要用途可作为唯一的用途对待。除本章注释二、第十六类注释三另有规定
的以外，凡任何税目都未列明其主要用途的机器，或没有哪一种用途是主要用途的机器，均应归入税目 84.79。税
目84.79还包括将金属丝、纺织纱线或其他各种材料或它们的混合材料制成绳、缆的机器（例如，捻股机、绞扭机、
制缆机） 。  
九、税目 84.70所称“袖珍式” ，仅适用于外形尺寸不超过 170毫米×100毫米×45毫米的机器。  
十、税目 84.85所称“增材制造” （也称 3D打印）指以数字模型为基础，将介质材料（例如，金属、塑料或陶瓷）通过连
续添加、堆叠、凝结和固化形成物体。  
除第十六类注释一及第八十四章注释一另有规定的以外，符合税目 84.85规定的设备，应归入该税目而不归入本协
调制度的其他税目。  
十一、 
（一）第八十五章注释十二（一）及（二）同样适用于本条注释及税目 84.86中所称的“半导体器件”及“集成
电路” 。但本条注释及税目 84.86所称“半导体器件” ，也包括光敏半导体器件及发光二极管（ LED）。  
（二）本条注释和税目 84.86所称“平板显示器的制造设备”包括将各层基片制造成平板的设备。但不包括玻璃
的制造设备、将印刷电路板或其他电子元件装配在平板上的设备。 “平板显示”不包括阴极射线管技术。  
（三）税目 84.86也包括下列机器及装置，其专用或主要用于：  
1.制造或修补掩膜版及投影掩膜版；  
2.组装半导体器件或集成电路；  
3.升降、搬运、装卸单晶柱、晶圆、半导体器件、集成电路和平板显示器。  
（四）除十六类注释一和第八十四章注释一另有规定的以外，符合税目 84.86规定的机器及装置应归入该税目而
不归入本目录的其他税目。  
 
子目注释：  
一、子目 8465.20所称“加工中心” ，仅适用于加工木材、软木、骨、硬质橡胶、硬质塑料或类似硬质材料的加工机床。
这些设备可根据机械加工程序，从刀具库或类似装置中自动更换刀具，以完成不同形式的机械加工。  
二、子目 8471.49所称“系统” ，是指各部件符合第八十四章注释六（三）所列条件，并且至少由一个中央处理部件、一
个输入部件（例如，键盘或扫描器）及一个输出部件（例如，视频显示器或打印机）组成的自动数据处理设备。  
三、子目 8481.20所称“油压或气压传动阀” ，是指在液压或气压系统中专用于传递“流体动力”的阀门，其能源以加压
流体（液体或气体）的形式供给。这些阀门可以具有各种形式（例如，减压阀、止回阀） 。子目 8481.20优先于税目
84.81的所有其他子目。  
四、子目8482.40仅包括滚柱直径 （最大不超过 5毫米）相同，且长度至少是直径三倍的圆滚柱轴承，滚柱的两端可以磨圆 。 
 
本国子目注释：  
一、本国子目 8419.1200 所称“太阳能热水器” ，是指利用太阳能将水从低温加热到高温的装置，由太阳能集热器、储水
箱、支架及相关附件组成，主要依靠太阳能集热器把太阳能转换成热能，使水产生微循环而达到所需热水。  
二、本国子目 8428.9020 所称“机械式停车设备” ，是指通过机械方式搬运、停放车辆的机械设备。此类设备大多采用自
动控制、计算机管理等手段，综合应用机、电、声、光、自动化等技术，达到存取储放车辆的高效率、高可靠性和
 1057  高安全性。此类设备分为升降横移类、垂直循环类、水平循环类、多层循环类、平面移动类、巷道堆垛类、垂直升
降类和简易升降类等多种型式。主要由钢结构件、传动系统、控制系统等部分组成。  
三、本国子目 8479.5011 所称“协作机器人” ，是指能和人类在共同工作空间中协同工作的机器人，由执行机构、一体化
关节和控 制系统组成，其中一体化关节又由伺服电机、减速器、编码器、驱动器和通信总线等组成。  
四、本国子目 8483.1011 所称“曲轴” ，是船用柴油机的重要组成部分，主要功能是与连杆配合将作用于活塞上的气体压
力转变为传动轴（包括曲轴）的旋转动力，曲轴一般由主轴颈、连杆轴颈、曲柄、平衡块、前端和后段等组成。"
17类,车辆、航空器、船舶及有关运输设备,"一、本类不包括税目 95.03或95.08的物品或税目 95.06的长雪橇、平底雪橇或类似品。  
二、本类所称“零件”及“零件、附件” ，不适用于下列物品，不论其是否确定为供本类货品使用：  
（一）各种材料制的接头、垫圈或类似品（按其构成材料归类或归入税目 84.84）或硫化橡胶  
（硬质橡胶除外）的其他制品（税目 40.16）； 
（二）第十五类注释二所规定的贱金属制通用零 件（第十五类）或塑料制的类似品（第三十九章 ）； 
（三）第八十二章的物品（工具 ）； 
  （四）税目 83.06的物品；  
  （五）税目 84.01至84.79的机器或装置或其零件，但供本类所列物品使用的散热器除外；税目 84.81或84.82
的物品或税目 84.83的物品（这些物品是构成发动机或其他动力装置所必需的） ；  
  （六）电机或电气设备（第八十五章 ）； 
  （七）第九十章的物品；  
  （八）第九十一章的物品；  
  （九）武器（第九十三章 ）； 
  （十）税目 94.05的灯具、照明装置及其零件；或  
  （十一）作为车辆零件的刷子（税目 96.03）。 
三、第八十六章至第八十八章所称“零件”或“附件” ，不适用于那些非专用于或非主要用于这几章所列物品的零件、
附件。同时符合这几章内两个或两个以上税目规定的零件、附件，应按其主要用途归入相应的税目。  
四、在本类中：  
（一）既可在道路上又可在轨道上行驶的特殊构造的车辆，应归入第八十七章的相应税目；  
  （二）水陆两用的机动车辆，应归入第八十七章的相应税目；     
  （三）可兼作地面车辆使用的特殊构造的航空器，应归入第八十八章的相应税目。  
五、气垫运输车辆应按本类最相似的运输车辆归类，其规定如下：  
（一）在导轨上运行的（气垫火车） ，归入第八十六章；  
  （二）在陆地行驶或水陆两用的，归入第八十七章；  
  （三）在水上航行的，不论能否在海滩或浮码头登陆或能否在冰上行驶，归入第八十九章。  
气垫运输车辆的零件、附件，应按照上述规定，与运输车辆的零件、附件一并归类。  
气垫火车的轨道固定装置及附件应与铁道轨道固定装置及附件一并归类。气垫火车运行系统的信号、安全或交通管
理设备应与铁道的信号、安全或交通管理设备一并归类。"
18类,光学、照相、电影、计量、检验、医疗或外科用仪器及设备、精密仪器及设备；钟表；乐器；上述物品的零件、附件,
19类,武器、弹药及其零件、附件,
20类,杂项制品,
21类,艺术品、收藏品及古物,
22类,特殊交易品及未分类商品,
